{
  "benchmark_id": "B1",
  "claim_boundary": {
    "b7_ledger_improvement_claimed": false,
    "four_parameter_free_removal_accepted": false,
    "resource_saving_claimed": false,
    "supported_claim": "Within the current line-1381 two-CNOT scaffold and local replay target, snapping any quadruple of the five off-grid parameters back to the pi/4 grid and re-optimizing the remaining one does not recover exactness.",
    "unsupported_claims": [
      "This is not a global five-parameter minimality theorem.",
      "This does not rule out a different scaffold, a symbolic identity, or context absorption.",
      "This does not eliminate, absorb, or price the five line-1381 parameters.",
      "This does not improve the B7 ledger."
    ]
  },
  "line1381_leave_four_out_parameter_rows": [
    {
      "exact_pass": false,
      "fixed_absolute_snap_errors": [
        0.14252750651545565,
        0.3621107965742294,
        0.26711912728916154,
        0.22645250919909277
      ],
      "fixed_original_values": [
        1.428268820279441,
        -1.1475089599716777,
        -1.0525172906866098,
        0.5589456541983555
      ],
      "fixed_parameter_indices": [
        3,
        4,
        9,
        16
      ],
      "fixed_pi_over_four_values": [
        1.5707963267948966,
        -0.7853981633974483,
        -0.7853981633974483,
        0.7853981633974483
      ],
      "off_pi_over_four_parameter_count_after_reoptimization": 1,
      "optimizer_nfev": 6,
      "optimizer_success": true,
      "reoptimized_free_indices": [
        17
      ],
      "reoptimized_free_parameter_count": 1,
      "residual_norm": 0.45761708677312707
    },
    {
      "exact_pass": false,
      "fixed_absolute_snap_errors": [
        0.14252750651545565,
        0.3621107965742294,
        0.26711912728916154,
        0.362110796573925
      ],
      "fixed_original_values": [
        1.428268820279441,
        -1.1475089599716777,
        -1.0525172906866098,
        0.4232873668235233
      ],
      "fixed_parameter_indices": [
        3,
        4,
        9,
        17
      ],
      "fixed_pi_over_four_values": [
        1.5707963267948966,
        -0.7853981633974483,
        -0.7853981633974483,
        0.7853981633974483
      ],
      "off_pi_over_four_parameter_count_after_reoptimization": 1,
      "optimizer_nfev": 8,
      "optimizer_success": true,
      "reoptimized_free_indices": [
        16
      ],
      "reoptimized_free_parameter_count": 1,
      "residual_norm": 0.6375472922360571
    },
    {
      "exact_pass": false,
      "fixed_absolute_snap_errors": [
        0.14252750651545565,
        0.3621107965742294,
        0.22645250919909277,
        0.362110796573925
      ],
      "fixed_original_values": [
        1.428268820279441,
        -1.1475089599716777,
        0.5589456541983555,
        0.4232873668235233
      ],
      "fixed_parameter_indices": [
        3,
        4,
        16,
        17
      ],
      "fixed_pi_over_four_values": [
        1.5707963267948966,
        -0.7853981633974483,
        0.7853981633974483,
        0.7853981633974483
      ],
      "off_pi_over_four_parameter_count_after_reoptimization": 1,
      "optimizer_nfev": 8,
      "optimizer_success": true,
      "reoptimized_free_indices": [
        9
      ],
      "reoptimized_free_parameter_count": 1,
      "residual_norm": 0.7719645870589134
    },
    {
      "exact_pass": false,
      "fixed_absolute_snap_errors": [
        0.14252750651545565,
        0.26711912728916154,
        0.22645250919909277,
        0.362110796573925
      ],
      "fixed_original_values": [
        1.428268820279441,
        -1.0525172906866098,
        0.5589456541983555,
        0.4232873668235233
      ],
      "fixed_parameter_indices": [
        3,
        9,
        16,
        17
      ],
      "fixed_pi_over_four_values": [
        1.5707963267948966,
        -0.7853981633974483,
        0.7853981633974483,
        0.7853981633974483
      ],
      "off_pi_over_four_parameter_count_after_reoptimization": 1,
      "optimizer_nfev": 8,
      "optimizer_success": true,
      "reoptimized_free_indices": [
        4
      ],
      "reoptimized_free_parameter_count": 1,
      "residual_norm": 0.47013626270433356
    },
    {
      "exact_pass": false,
      "fixed_absolute_snap_errors": [
        0.3621107965742294,
        0.26711912728916154,
        0.22645250919909277,
        0.362110796573925
      ],
      "fixed_original_values": [
        -1.1475089599716777,
        -1.0525172906866098,
        0.5589456541983555,
        0.4232873668235233
      ],
      "fixed_parameter_indices": [
        4,
        9,
        16,
        17
      ],
      "fixed_pi_over_four_values": [
        -0.7853981633974483,
        -0.7853981633974483,
        0.7853981633974483,
        0.7853981633974483
      ],
      "off_pi_over_four_parameter_count_after_reoptimization": 1,
      "optimizer_nfev": 10,
      "optimizer_success": true,
      "reoptimized_free_indices": [
        3
      ],
      "reoptimized_free_parameter_count": 1,
      "residual_norm": 0.8369082341779268
    }
  ],
  "linked_b7_problem_id": 21,
  "method": "b1_b7_cone01_line1381_leave_four_out_parameter_gate_v0",
  "model_status": "line1381_off_grid_parameter_quadruples_are_leave_four_out_required",
  "source_five_parameter_line1381_exact_repair_result": "results/B1_B7_cone01_five_parameter_line1381_exact_repair_gate_v0.json",
  "source_leave_three_out_parameter_result": "results/B1_B7_cone01_line1381_leave_three_out_parameter_gate_v0.json",
  "source_packet_synthesis_result": "results/B1_B7_cone01_packet_synthesis_search_gate_v0.json",
  "source_semantic_packet_result": "results/B1_B7_cone01_semantic_replay_packet_gate_v0.json",
  "status": "cone01_line1381_no_four_parameter_free_removal",
  "summary": {
    "accepted_full_circuit_qasm_patch_count": 0,
    "accepted_full_circuit_replay_certificate_count": 0,
    "accepted_occurrence_removal": 0,
    "accepted_proxy_t_reduction": 0,
    "all_four_parameter_removals_fail": true,
    "b7_ledger_improvement_claimed": false,
    "base_five_parameter_residual_norm": 6.513210005207597e-13,
    "best_leave_four_out_fixed_parameter_indices": [
      3,
      4,
      9,
      16
    ],
    "best_leave_four_out_residual_norm": 0.45761708677312707,
    "candidate_cnot_reduction": 3,
    "current_off_grid_parameter_count": 5,
    "current_off_grid_parameter_indices": [
      3,
      4,
      9,
      16,
      17
    ],
    "current_off_grid_parameter_values": [
      1.428268820279441,
      -1.1475089599716777,
      -1.0525172906866098,
      0.5589456541983555,
      0.4232873668235233
    ],
    "exact_tolerance": 1e-08,
    "four_parameter_free_removal_accepted": false,
    "leave_four_out_exact_fail_count": 5,
    "leave_four_out_exact_pass_count": 0,
    "leave_four_out_row_count": 5,
    "line1381_off_grid_parameters_absorbed": false,
    "line1381_off_grid_parameters_eliminated": false,
    "line1381_off_grid_parameters_symbolically_decomposed": false,
    "max_residual_ratio_to_exact_tolerance": 83690823.41779268,
    "min_residual_ratio_to_exact_tolerance": 45761708.67731271,
    "missing_occurrences_after_gate": 30,
    "missing_proxy_t_after_gate": 600,
    "replacement_cnot_count": 2,
    "resource_saving_claimed": false,
    "source_cnot_count": 5,
    "source_five_parameter_line1381_exact_repair_method": "b1_b7_cone01_five_parameter_line1381_exact_repair_gate_v0",
    "source_leave_three_out_parameter_method": "b1_b7_cone01_line1381_leave_three_out_parameter_gate_v0",
    "source_packet_synthesis_method": "b1_b7_cone01_packet_synthesis_search_gate_v0",
    "source_semantic_packet_method": "b1_b7_cone01_semantic_replay_packet_gate_v0",
    "support_qubits": [
      4,
      8
    ],
    "target_candidate_line_number": 1381,
    "validation_error_count": 0,
    "window_end_line": 1379,
    "window_start_line": 1369,